1,300,white,all,picture-uploads/Collections/White/White.png,picture-uploads/Collections/White/White-Side.png,picture-uploads/Collections/White/White-Back.png
1,300,black,all,picture-uploads/Collections/Black/Black.png,picture-uploads/Collections/Black/Black-Side.png,picture-uploads/Collections/Black/Black-Back.png
1,300,beige,all,picture-uploads/Collections/Beige/Beige.png,picture-uploads/Collections/Beige/Beige-Side.png,picture-uploads/Collections/Beige/Beige-Back.png
2,100,white,all,picture-uploads/Men/T-shirt/Basic/White-Basic-Front.png,picture-uploads/Men/T-shirt/Basic/White-Basic-Side.png,picture-uploads/Men/T-shirt/Basic/White-Basic-Back.png
2,100,black,all,picture-uploads/Men/T-shirt/Basic/Black-Basic-Front.png,picture-uploads/Men/T-shirt/Basic/Black-Basic-Side.png,picture-uploads/Men/T-shirt/Basic/Black-Basic-Back.png
3,120,white,all,picture-uploads/Men/T-shirt/Oversized/White-Oversize-Front.png,picture-uploads/Men/T-shirt/Oversized/White-Oversize-Side.png,picture-uploads/Men/T-shirt/Oversized/White-Oversize-Back.png
3,120,black,all,picture-uploads/Men/T-shirt/Oversized/Black-Oversize-Front.png,picture-uploads/Men/T-shirt/Oversized/Black-Oversize-Side.png,picture-uploads/Men/T-shirt/Oversized/Black-Oversize-Back.png
4,200,white,all,picture-uploads/Men/Polo/Basic/White-Basic-Front.png,picture-uploads/Men/Polo/Basic/White-Basic-Side.png,picture-uploads/Men/Polo/Basic/White-Basic-Back.png
4,200,black,all,picture-uploads/Men/Polo/Basic/Black-Basic-Front.png,picture-uploads/Men/Polo/Basic/Black-Basic-Side.png,picture-uploads/Men/Polo/Basic/Black-Basic-Back.png
5,210,white,all,picture-uploads/Men/Polo/Logo/White-Logo-Front.png,picture-uploads/Men/Polo/Logo/White-Logo-Side.png,picture-uploads/Men/Polo/Logo/White-Logo-Back.png
5,210,black,all,picture-uploads/Men/Polo/Logo/Black-Logo-Front.png,picture-uploads/Men/Polo/Logo/Black-Logo-Side.png,picture-uploads/Men/Polo/Logo/Black-Logo-Back.png
6,130,white,all,picture-uploads/Women/T-shirt/Basic/White-Basic-Front.png,picture-uploads/Women/T-shirt/Basic/White-Basic-Side.png,picture-uploads/Women/T-shirt/Basic/White-Basic-Back.png
6,130,black,all,picture-uploads/Women/T-shirt/Basic/Black-Basic-Front.png,picture-uploads/Women/T-shirt/Basic/Black-Basic-Side.png,picture-uploads/Women/T-shirt/Basic/Black-Basic-Back.png
7,140,white,all,picture-uploads/Women/T-shirt/Oversized/White-Oversize-Front.png,picture-uploads/Women/T-shirt/Oversized/White-Oversize-Side.png,picture-uploads/Women/T-shirt/Oversized/White-Oversize-Back.png
7,140,black,all,picture-uploads/Women/T-shirt/Oversized/Black-Oversize-Front.png,picture-uploads/Women/T-shirt/Oversized/Black-Oversize-Side.png,picture-uploads/Women/T-shirt/Oversized/Black-Oversize-Back.png
8,200,white,all,picture-uploads/Women/Blouse/Classic/White-Classic-Front.png,picture-uploads/Women/Blouse/Classic/White-Classic-Side.png,picture-uploads/Women/Blouse/Classic/White-Classic-Back.png
8,200,black,all,picture-uploads/Women/Blouse/Classic/Black-Classic-Front.png,picture-uploads/Women/Blouse/Classic/Black-Classic-Side.png,picture-uploads/Women/Blouse/Classic/Black-Classic-Back.png
9,250,white,all,picture-uploads/Women/Blouse/Wrap/White-Wrap-Front.png,picture-uploads/Women/Blouse/Wrap/White-Wrap-Side.png,picture-uploads/Women/Blouse/Wrap/White-Wrap-Back.png
9,250,black,all,picture-uploads/Women/Blouse/Wrap/Black-Wrap-Front.png,picture-uploads/Women/Blouse/Wrap/Black-Wrap-Side.png,picture-uploads/Women/Blouse/Wrap/Black-Wrap-Back.png
10,180,white,all,picture-uploads/Women/CropTop/Basic/White-Basic-Front.png,picture-uploads/Women/CropTop/Basic/White-Basic-Side.png,picture-uploads/Women/CropTop/Basic/White-Basic-Back.png
10,180,black,all,picture-uploads/Women/CropTop/Basic/Black-Basic-Front.png,picture-uploads/Women/CropTop/Basic/Black-Basic-Side.png,picture-uploads/Women/CropTop/Basic/Black-Basic-Back.png
11,190,white,all,picture-uploads/Women/CropTop/Tank/White-Tank-Front.png,picture-uploads/Women/CropTop/Tank/White-Tank-Side.png,picture-uploads/Women/CropTop/Tank/White-Tank-Back.png
11,190,black,all,picture-uploads/Women/CropTop/Tank/Black-Tank-Front.png,picture-uploads/Women/CropTop/Tank/Black-Tank-Side.png,picture-uploads/Women/CropTop/Tank/Black-Tank-Back.png